
{
  "annotations": {
    "list": []
  },
  "panels": [
    {
      "datasource": "Prometheus",
      "fieldConfig": {
        "defaults": {
          "unit": "short"
        }
      },
      "gridPos": {
        "h": 8,
        "w": 12,
        "x": 0,
        "y": 0
      },
      "id": 1,
      "title": "Active Connections",
      "type": "stat",
      "targets": [
        {
          "expr": "pg_stat_activity_count",
          "refId": "A"
        }
      ]
    },
    {
      "datasource": "Prometheus",
      "gridPos": {
        "h": 8,
        "w": 12,
        "x": 12,
        "y": 0
      },
      "id": 2,
      "title": "Cache Hit Ratio",
      "type": "stat",
      "targets": [
        {
          "expr": "(pg_stat_database_blks_hit) / (pg_stat_database_blks_hit + pg_stat_database_blks_read)",
          "refId": "B"
        }
      ]
    }
  ],
  "title": "PostgreSQL Quick Metrics",
  "version": 1
}
